race_id,date,round
19500513,1950-05-13,1
19500521,1950-05-21,2
19500530,1950-05-30,3
19500604,1950-06-04,4
19500618,1950-06-18,5
19500702,1950-07-02,6
19500903,1950-09-03,7
19510527,1951-05-27,1
19510530,1951-05-30,2
19510617,1951-06-17,3
19510701,1951-07-01,4
19510714,1951-07-14,5
19510729,1951-07-29,6
19510916,1951-09-16,7
19511028,1951-10-28,8
19520518,1952-05-18,1
19520530,1952-05-30,2
19520622,1952-06-22,3
19520706,1952-07-06,4
19520719,1952-07-19,5
19520803,1952-08-03,6
19520817,1952-08-17,7
19520907,1952-09-07,8
19530118,1953-01-18,1
19530530,1953-05-30,2
19530607,1953-06-07,3
19530621,1953-06-21,4
19530705,1953-07-05,5
19530718,1953-07-18,6
19530802,1953-08-02,7
19530823,1953-08-23,8
19530913,1953-09-13,9
19540117,1954-01-17,1
19540531,1954-05-31,2
19540620,1954-06-20,3
19540704,1954-07-04,4
19540717,1954-07-17,5
19540801,1954-08-01,6
19540822,1954-08-22,7
19540905,1954-09-05,8
19541024,1954-10-24,9
19550116,1955-01-16,1
19550522,1955-05-22,2
19550530,1955-05-30,3
19550605,1955-06-05,4
19550619,1955-06-19,5
19550716,1955-07-16,6
19550911,1955-09-11,7
19560122,1956-01-22,1
19560513,1956-05-13,2
19560530,1956-05-30,3
19560603,1956-06-03,4
19560701,1956-07-01,5
19560714,1956-07-14,6
19560805,1956-08-05,7
19560902,1956-09-02,8
19570113,1957-01-13,1
19570519,1957-05-19,2
19570530,1957-05-30,3
19570707,1957-07-07,4
19570720,1957-07-20,5
19570804,1957-08-04,6
19570818,1957-08-18,7
19570908,1957-09-08,8
19580119,1958-01-19,1
19580518,1958-05-18,2
19580526,1958-05-26,3
19580530,1958-05-30,4
19580615,1958-06-15,5
19580706,1958-07-06,6
19580719,1958-07-19,7
19580803,1958-08-03,8
19580824,1958-08-24,9
19580907,1958-09-07,10
19581019,1958-10-19,11
19590510,1959-05-10,1
19590530,1959-05-30,2
19590531,1959-05-31,3
19590705,1959-07-05,4
19590718,1959-07-18,5
19590802,1959-08-02,6
19590823,1959-08-23,7
19590913,1959-09-13,8
19591212,1959-12-12,9
19600207,1960-02-07,1
19600529,1960-05-29,2
19600530,1960-05-30,3
19600606,1960-06-06,4
19600619,1960-06-19,5
19600703,1960-07-03,6
19600716,1960-07-16,7
19600814,1960-08-14,8
19600904,1960-09-04,9
19601120,1960-11-20,10
19610514,1961-05-14,1
19610522,1961-05-22,2
19610618,1961-06-18,3
19610702,1961-07-02,4
19610715,1961-07-15,5
19610806,1961-08-06,6
19610910,1961-09-10,7
19611008,1961-10-08,8
19620520,1962-05-20,1
19620603,1962-06-03,2
19620617,1962-06-17,3
19620708,1962-07-08,4
19620721,1962-07-21,5
19620805,1962-08-05,6
19620916,1962-09-16,7
19621007,1962-10-07,8
19621229,1962-12-29,9
19630526,1963-05-26,1
19630609,1963-06-09,2
19630623,1963-06-23,3
19630630,1963-06-30,4
19630720,1963-07-20,5
19630804,1963-08-04,6
19630908,1963-09-08,7
19631006,1963-10-06,8
19631027,1963-10-27,9
19631228,1963-12-28,10
19640510,1964-05-10,1
19640524,1964-05-24,2
19640614,1964-06-14,3
19640628,1964-06-28,4
19640711,1964-07-11,5
19640802,1964-08-02,6
19640823,1964-08-23,7
19640906,1964-09-06,8
19641004,1964-10-04,9
19641025,1964-10-25,10
19650101,1965-01-01,1
19650530,1965-05-30,2
19650613,1965-06-13,3
19650627,1965-06-27,4
19650710,1965-07-10,5
19650718,1965-07-18,6
19650801,1965-08-01,7
19650912,1965-09-12,8
19651003,1965-10-03,9
19651024,1965-10-24,10
19660522,1966-05-22,1
19660612,1966-06-12,2
19660703,1966-07-03,3
19660716,1966-07-16,4
19660724,1966-07-24,5
19660807,1966-08-07,6
19660904,1966-09-04,7
19661002,1966-10-02,8
19661023,1966-10-23,9
19670102,1967-01-02,1
19670507,1967-05-07,2
19670604,1967-06-04,3
19670618,1967-06-18,4
19670702,1967-07-02,5
19670715,1967-07-15,6
19670806,1967-08-06,7
19670827,1967-08-27,8
19670910,1967-09-10,9
19671001,1967-10-01,10
19671022,1967-10-22,11
19680101,1968-01-01,1
19680512,1968-05-12,2
19680526,1968-05-26,3
19680609,1968-06-09,4
19680623,1968-06-23,5
19680707,1968-07-07,6
19680720,1968-07-20,7
19680804,1968-08-04,8
19680908,1968-09-08,9
19680922,1968-09-22,10
19681006,1968-10-06,11
19681103,1968-11-03,12
19690301,1969-03-01,1
19690504,1969-05-04,2
19690518,1969-05-18,3
19690621,1969-06-21,4
19690706,1969-07-06,5
19690719,1969-07-19,6
19690803,1969-08-03,7
19690907,1969-09-07,8
19690920,1969-09-20,9
19691005,1969-10-05,10
19691019,1969-10-19,11
19700307,1970-03-07,1
19700419,1970-04-19,2
19700510,1970-05-10,3
19700607,1970-06-07,4
19700621,1970-06-21,5
19700705,1970-07-05,6
19700718,1970-07-18,7
19700802,1970-08-02,8
19700816,1970-08-16,9
19700906,1970-09-06,10
19700920,1970-09-20,11
19701004,1970-10-04,12
19701025,1970-10-25,13
19710306,1971-03-06,1
19710418,1971-04-18,2
19710523,1971-05-23,3
19710620,1971-06-20,4
19710704,1971-07-04,5
19710717,1971-07-17,6
19710801,1971-08-01,7
19710815,1971-08-15,8
19710905,1971-09-05,9
19710919,1971-09-19,10
19711003,1971-10-03,11
19720123,1972-01-23,1
19720304,1972-03-04,2
19720501,1972-05-01,3
19720514,1972-05-14,4
19720604,1972-06-04,5
19720702,1972-07-02,6
19720715,1972-07-15,7
19720730,1972-07-30,8
19720813,1972-08-13,9
19720910,1972-09-10,10
19720924,1972-09-24,11
19721008,1972-10-08,12
19730128,1973-01-28,1
19730211,1973-02-11,2
19730303,1973-03-03,3
19730429,1973-04-29,4
19730520,1973-05-20,5
19730603,1973-06-03,6
19730617,1973-06-17,7
19730701,1973-07-01,8
19730714,1973-07-14,9
19730729,1973-07-29,10
19730805,1973-08-05,11
19730819,1973-08-19,12
19730909,1973-09-09,13
19730923,1973-09-23,14
19731007,1973-10-07,15
19740113,1974-01-13,1
19740127,1974-01-27,2
19740330,1974-03-30,3
19740428,1974-04-28,4
19740512,1974-05-12,5
19740526,1974-05-26,6
19740609,1974-06-09,7
19740623,1974-06-23,8
19740707,1974-07-07,9
19740720,1974-07-20,10
19740804,1974-08-04,11
19740818,1974-08-18,12
19740908,1974-09-08,13
19740922,1974-09-22,14
19741006,1974-10-06,15
19750112,1975-01-12,1
19750126,1975-01-26,2
19750301,1975-03-01,3
19750427,1975-04-27,4
19750511,1975-05-11,5
19750525,1975-05-25,6
19750608,1975-06-08,7
19750622,1975-06-22,8
19750706,1975-07-06,9
19750719,1975-07-19,10
19750803,1975-08-03,11
19750817,1975-08-17,12
19750907,1975-09-07,13
19751005,1975-10-05,14
19760125,1976-01-25,1
19760306,1976-03-06,2
19760328,1976-03-28,3
19760502,1976-05-02,4
19760516,1976-05-16,5
19760530,1976-05-30,6
19760613,1976-06-13,7
19760704,1976-07-04,8
19760718,1976-07-18,9
19760801,1976-08-01,10
19760815,1976-08-15,11
19760829,1976-08-29,12
19760912,1976-09-12,13
19761003,1976-10-03,14
19761010,1976-10-10,15
19761024,1976-10-24,16
19770109,1977-01-09,1
19770123,1977-01-23,2
19770305,1977-03-05,3
19770403,1977-04-03,4
19770508,1977-05-08,5
19770522,1977-05-22,6
19770605,1977-06-05,7
19770619,1977-06-19,8
19770703,1977-07-03,9
19770716,1977-07-16,10
19770731,1977-07-31,11
19770814,1977-08-14,12
19770828,1977-08-28,13
19770911,1977-09-11,14
19771002,1977-10-02,15
19771009,1977-10-09,16
19771023,1977-10-23,17
19780115,1978-01-15,1
19780129,1978-01-29,2
19780304,1978-03-04,3
19780402,1978-04-02,4
19780507,1978-05-07,5
19780521,1978-05-21,6
19780604,1978-06-04,7
19780617,1978-06-17,8
19780702,1978-07-02,9
19780716,1978-07-16,10
19780730,1978-07-30,11
19780813,1978-08-13,12
19780827,1978-08-27,13
19780910,1978-09-10,14
19781001,1978-10-01,15
19781008,1978-10-08,16
19790121,1979-01-21,1
19790204,1979-02-04,2
19790303,1979-03-03,3
19790408,1979-04-08,4
19790429,1979-04-29,5
19790513,1979-05-13,6
19790527,1979-05-27,7
19790701,1979-07-01,8
19790714,1979-07-14,9
19790729,1979-07-29,10
19790812,1979-08-12,11
19790826,1979-08-26,12
19790909,1979-09-09,13
19790930,1979-09-30,14
19791007,1979-10-07,15
19800113,1980-01-13,1
19800127,1980-01-27,2
19800301,1980-03-01,3
19800330,1980-03-30,4
19800504,1980-05-04,5
19800518,1980-05-18,6
19800629,1980-06-29,7
19800713,1980-07-13,8
19800810,1980-08-10,9
19800817,1980-08-17,10
19800831,1980-08-31,11
19800914,1980-09-14,12
19800928,1980-09-28,13
19801005,1980-10-05,14
19810315,1981-03-15,1
19810329,1981-03-29,2
19810412,1981-04-12,3
19810503,1981-05-03,4
19810517,1981-05-17,5
19810531,1981-05-31,6
19810621,1981-06-21,7
19810705,1981-07-05,8
19810718,1981-07-18,9
19810802,1981-08-02,10
19810816,1981-08-16,11
19810830,1981-08-30,12
19810913,1981-09-13,13
19810927,1981-09-27,14
19811017,1981-10-17,15
19820123,1982-01-23,1
19820321,1982-03-21,2
19820404,1982-04-04,3
19820425,1982-04-25,4
19820509,1982-05-09,5
19820523,1982-05-23,6
19820606,1982-06-06,7
19820613,1982-06-13,8
19820703,1982-07-03,9
19820718,1982-07-18,10
19820725,1982-07-25,11
19820808,1982-08-08,12
19820815,1982-08-15,13
19820829,1982-08-29,14
19820912,1982-09-12,15
19820925,1982-09-25,16
19830313,1983-03-13,1
19830327,1983-03-27,2
19830417,1983-04-17,3
19830501,1983-05-01,4
19830515,1983-05-15,5
19830522,1983-05-22,6
19830605,1983-06-05,7
19830612,1983-06-12,8
19830716,1983-07-16,9
19830807,1983-08-07,10
19830814,1983-08-14,11
19830828,1983-08-28,12
19830911,1983-09-11,13
19830925,1983-09-25,14
19831015,1983-10-15,15
19840325,1984-03-25,1
19840407,1984-04-07,2
19840429,1984-04-29,3
19840506,1984-05-06,4
19840520,1984-05-20,5
19840603,1984-06-03,6
19840617,1984-06-17,7
19840624,1984-06-24,8
19840708,1984-07-08,9
19840722,1984-07-22,10
19840805,1984-08-05,11
19840819,1984-08-19,12
19840826,1984-08-26,13
19840909,1984-09-09,14
19841007,1984-10-07,15
19841021,1984-10-21,16
19850407,1985-04-07,1
19850421,1985-04-21,2
19850505,1985-05-05,3
19850519,1985-05-19,4
19850616,1985-06-16,5
19850623,1985-06-23,6
19850707,1985-07-07,7
19850721,1985-07-21,8
19850804,1985-08-04,9
19850818,1985-08-18,10
19850825,1985-08-25,11
19850908,1985-09-08,12
19850915,1985-09-15,13
19851006,1985-10-06,14
19851019,1985-10-19,15
19851103,1985-11-03,16
19860323,1986-03-23,1
19860413,1986-04-13,2
19860427,1986-04-27,3
19860511,1986-05-11,4
19860525,1986-05-25,5
19860615,1986-06-15,6
19860622,1986-06-22,7
19860706,1986-07-06,8
19860713,1986-07-13,9
19860727,1986-07-27,10
19860810,1986-08-10,11
19860817,1986-08-17,12
19860907,1986-09-07,13
19860921,1986-09-21,14
19861012,1986-10-12,15
19861026,1986-10-26,16
19870412,1987-04-12,1
19870503,1987-05-03,2
19870517,1987-05-17,3
19870531,1987-05-31,4
19870621,1987-06-21,5
19870705,1987-07-05,6
19870712,1987-07-12,7
19870726,1987-07-26,8
19870809,1987-08-09,9
19870816,1987-08-16,10
19870906,1987-09-06,11
19870920,1987-09-20,12
19870927,1987-09-27,13
19871018,1987-10-18,14
19871101,1987-11-01,15
19871115,1987-11-15,16
19880403,1988-04-03,1
19880501,1988-05-01,2
19880515,1988-05-15,3
19880529,1988-05-29,4
19880612,1988-06-12,5
19880619,1988-06-19,6
19880703,1988-07-03,7
19880710,1988-07-10,8
19880724,1988-07-24,9
19880807,1988-08-07,10
19880828,1988-08-28,11
19880911,1988-09-11,12
19880925,1988-09-25,13
19881002,1988-10-02,14
19881030,1988-10-30,15
19881113,1988-11-13,16
19890326,1989-03-26,1
19890423,1989-04-23,2
19890507,1989-05-07,3
19890528,1989-05-28,4
19890604,1989-06-04,5
19890618,1989-06-18,6
19890709,1989-07-09,7
19890716,1989-07-16,8
19890730,1989-07-30,9
19890813,1989-08-13,10
19890827,1989-08-27,11
19890910,1989-09-10,12
19890924,1989-09-24,13
19891001,1989-10-01,14
19891022,1989-10-22,15
19891105,1989-11-05,16
19900311,1990-03-11,1
19900325,1990-03-25,2
19900513,1990-05-13,3
19900527,1990-05-27,4
19900610,1990-06-10,5
19900624,1990-06-24,6
19900708,1990-07-08,7
19900715,1990-07-15,8
19900729,1990-07-29,9
19900812,1990-08-12,10
19900826,1990-08-26,11
19900909,1990-09-09,12
19900923,1990-09-23,13
19900930,1990-09-30,14
19901021,1990-10-21,15
19901104,1990-11-04,16
19910310,1991-03-10,1
19910324,1991-03-24,2
19910428,1991-04-28,3
19910512,1991-05-12,4
19910602,1991-06-02,5
19910616,1991-06-16,6
19910707,1991-07-07,7
19910714,1991-07-14,8
19910728,1991-07-28,9
19910811,1991-08-11,10
19910825,1991-08-25,11
19910908,1991-09-08,12
19910922,1991-09-22,13
19910929,1991-09-29,14
19911020,1991-10-20,15
19911103,1991-11-03,16
19920301,1992-03-01,1
19920322,1992-03-22,2
19920405,1992-04-05,3
19920503,1992-05-03,4
19920517,1992-05-17,5
19920531,1992-05-31,6
19920614,1992-06-14,7
19920705,1992-07-05,8
19920712,1992-07-12,9
19920726,1992-07-26,10
19920816,1992-08-16,11
19920830,1992-08-30,12
19920913,1992-09-13,13
19920927,1992-09-27,14
19921025,1992-10-25,15
19921108,1992-11-08,16
19930314,1993-03-14,1
19930328,1993-03-28,2
19930411,1993-04-11,3
19930425,1993-04-25,4
19930509,1993-05-09,5
19930523,1993-05-23,6
19930613,1993-06-13,7
19930704,1993-07-04,8
19930711,1993-07-11,9
19930725,1993-07-25,10
19930815,1993-08-15,11
19930829,1993-08-29,12
19930912,1993-09-12,13
19930926,1993-09-26,14
19931024,1993-10-24,15
19931107,1993-11-07,16
19940327,1994-03-27,1
19940417,1994-04-17,2
19940501,1994-05-01,3
19940515,1994-05-15,4
19940529,1994-05-29,5
19940612,1994-06-12,6
19940703,1994-07-03,7
19940710,1994-07-10,8
19940731,1994-07-31,9
19940814,1994-08-14,10
19940828,1994-08-28,11
19940911,1994-09-11,12
19940925,1994-09-25,13
19941016,1994-10-16,14
19941106,1994-11-06,15
19941113,1994-11-13,16
19950326,1995-03-26,1
19950409,1995-04-09,2
19950430,1995-04-30,3
19950514,1995-05-14,4
19950528,1995-05-28,5
19950611,1995-06-11,6
19950702,1995-07-02,7
19950716,1995-07-16,8
19950730,1995-07-30,9
19950813,1995-08-13,10
19950827,1995-08-27,11
19950910,1995-09-10,12
19950924,1995-09-24,13
19951001,1995-10-01,14
19951022,1995-10-22,15
19951029,1995-10-29,16
19951112,1995-11-12,17
19960310,1996-03-10,1
19960331,1996-03-31,2
19960407,1996-04-07,3
19960428,1996-04-28,4
19960505,1996-05-05,5
19960519,1996-05-19,6
19960602,1996-06-02,7
19960616,1996-06-16,8
19960630,1996-06-30,9
19960714,1996-07-14,10
19960728,1996-07-28,11
19960811,1996-08-11,12
19960825,1996-08-25,13
19960908,1996-09-08,14
19960922,1996-09-22,15
19961013,1996-10-13,16
19970309,1997-03-09,1
19970330,1997-03-30,2
19970413,1997-04-13,3
19970427,1997-04-27,4
19970511,1997-05-11,5
19970525,1997-05-25,6
19970615,1997-06-15,7
19970629,1997-06-29,8
19970713,1997-07-13,9
19970727,1997-07-27,10
19970810,1997-08-10,11
19970824,1997-08-24,12
19970907,1997-09-07,13
19970921,1997-09-21,14
19970928,1997-09-28,15
19971012,1997-10-12,16
19971026,1997-10-26,17
19980308,1998-03-08,1
19980329,1998-03-29,2
19980412,1998-04-12,3
19980426,1998-04-26,4
19980510,1998-05-10,5
19980524,1998-05-24,6
19980607,1998-06-07,7
19980628,1998-06-28,8
19980712,1998-07-12,9
19980726,1998-07-26,10
19980802,1998-08-02,11
19980816,1998-08-16,12
19980830,1998-08-30,13
19980913,1998-09-13,14
19980927,1998-09-27,15
19981101,1998-11-01,16
19990307,1999-03-07,1
19990411,1999-04-11,2
19990502,1999-05-02,3
19990516,1999-05-16,4
19990530,1999-05-30,5
19990613,1999-06-13,6
19990627,1999-06-27,7
19990711,1999-07-11,8
19990725,1999-07-25,9
19990801,1999-08-01,10
19990815,1999-08-15,11
19990829,1999-08-29,12
19990912,1999-09-12,13
19990926,1999-09-26,14
19991017,1999-10-17,15
19991031,1999-10-31,16
20000312,2000-03-12,1
20000326,2000-03-26,2
20000409,2000-04-09,3
20000423,2000-04-23,4
20000507,2000-05-07,5
20000521,2000-05-21,6
20000604,2000-06-04,7
20000618,2000-06-18,8
20000702,2000-07-02,9
20000716,2000-07-16,10
20000730,2000-07-30,11
20000813,2000-08-13,12
20000827,2000-08-27,13
20000910,2000-09-10,14
20000924,2000-09-24,15
20001008,2000-10-08,16
20001022,2000-10-22,17
20010304,2001-03-04,1
20010318,2001-03-18,2
20010401,2001-04-01,3
20010415,2001-04-15,4
20010429,2001-04-29,5
20010513,2001-05-13,6
20010527,2001-05-27,7
20010610,2001-06-10,8
20010624,2001-06-24,9
20010701,2001-07-01,10
20010715,2001-07-15,11
20010729,2001-07-29,12
20010819,2001-08-19,13
20010902,2001-09-02,14
20010916,2001-09-16,15
20010930,2001-09-30,16
20011014,2001-10-14,17
20020303,2002-03-03,1
20020317,2002-03-17,2
20020331,2002-03-31,3
20020414,2002-04-14,4
20020428,2002-04-28,5
20020512,2002-05-12,6
20020526,2002-05-26,7
20020609,2002-06-09,8
20020623,2002-06-23,9
20020707,2002-07-07,10
20020721,2002-07-21,11
20020728,2002-07-28,12
20020818,2002-08-18,13
20020901,2002-09-01,14
20020915,2002-09-15,15
20020929,2002-09-29,16
20021013,2002-10-13,17
20030309,2003-03-09,1
20030323,2003-03-23,2
20030406,2003-04-06,3
20030420,2003-04-20,4
20030504,2003-05-04,5
20030518,2003-05-18,6
20030601,2003-06-01,7
20030615,2003-06-15,8
20030629,2003-06-29,9
20030706,2003-07-06,10
20030720,2003-07-20,11
20030803,2003-08-03,12
20030824,2003-08-24,13
20030914,2003-09-14,14
20030928,2003-09-28,15
20031012,2003-10-12,16
20040307,2004-03-07,1
20040321,2004-03-21,2
20040404,2004-04-04,3
20040425,2004-04-25,4
20040509,2004-05-09,5
20040523,2004-05-23,6
20040530,2004-05-30,7
20040613,2004-06-13,8
20040620,2004-06-20,9
20040704,2004-07-04,10
20040711,2004-07-11,11
20040725,2004-07-25,12
20040815,2004-08-15,13
20040829,2004-08-29,14
20040912,2004-09-12,15
20040926,2004-09-26,16
20041010,2004-10-10,17
20041024,2004-10-24,18
20050306,2005-03-06,1
20050320,2005-03-20,2
20050403,2005-04-03,3
20050424,2005-04-24,4
20050508,2005-05-08,5
20050522,2005-05-22,6
20050529,2005-05-29,7
20050612,2005-06-12,8
20050619,2005-06-19,9
20050703,2005-07-03,10
20050710,2005-07-10,11
20050724,2005-07-24,12
20050731,2005-07-31,13
20050821,2005-08-21,14
20050904,2005-09-04,15
20050911,2005-09-11,16
20050925,2005-09-25,17
20051009,2005-10-09,18
20051016,2005-10-16,19
20060312,2006-03-12,1
20060319,2006-03-19,2
20060402,2006-04-02,3
20060423,2006-04-23,4
20060507,2006-05-07,5
20060514,2006-05-14,6
20060528,2006-05-28,7
20060611,2006-06-11,8
20060625,2006-06-25,9
20060702,2006-07-02,10
20060716,2006-07-16,11
20060730,2006-07-30,12
20060806,2006-08-06,13
20060827,2006-08-27,14
20060910,2006-09-10,15
20061001,2006-10-01,16
20061008,2006-10-08,17
20061022,2006-10-22,18
20070318,2007-03-18,1
20070408,2007-04-08,2
20070415,2007-04-15,3
20070513,2007-05-13,4
20070527,2007-05-27,5
20070610,2007-06-10,6
20070617,2007-06-17,7
20070701,2007-07-01,8
20070708,2007-07-08,9
20070722,2007-07-22,10
20070805,2007-08-05,11
20070826,2007-08-26,12
20070909,2007-09-09,13
20070916,2007-09-16,14
20070930,2007-09-30,15
20071007,2007-10-07,16
20071021,2007-10-21,17
20080316,2008-03-16,1
20080323,2008-03-23,2
20080406,2008-04-06,3
20080427,2008-04-27,4
20080511,2008-05-11,5
20080525,2008-05-25,6
20080608,2008-06-08,7
20080622,2008-06-22,8
20080706,2008-07-06,9
20080720,2008-07-20,10
20080803,2008-08-03,11
20080824,2008-08-24,12
20080907,2008-09-07,13
20080914,2008-09-14,14
20080928,2008-09-28,15
20081012,2008-10-12,16
20081019,2008-10-19,17
20081102,2008-11-02,18
20090329,2009-03-29,1
20090405,2009-04-05,2
20090419,2009-04-19,3
20090426,2009-04-26,4
20090510,2009-05-10,5
20090524,2009-05-24,6
20090607,2009-06-07,7
20090621,2009-06-21,8
20090712,2009-07-12,9
20090726,2009-07-26,10
20090823,2009-08-23,11
20090830,2009-08-30,12
20090913,2009-09-13,13
20090927,2009-09-27,14
20091004,2009-10-04,15
20091018,2009-10-18,16
20091101,2009-11-01,17
20100314,2010-03-14,1
20100328,2010-03-28,2
20100404,2010-04-04,3
20100418,2010-04-18,4
20100509,2010-05-09,5
20100516,2010-05-16,6
20100530,2010-05-30,7
20100613,2010-06-13,8
20100627,2010-06-27,9
20100711,2010-07-11,10
20100725,2010-07-25,11
20100801,2010-08-01,12
20100829,2010-08-29,13
20100912,2010-09-12,14
20100926,2010-09-26,15
20101010,2010-10-10,16
20101024,2010-10-24,17
20101107,2010-11-07,18
20101114,2010-11-14,19
20110327,2011-03-27,1
20110410,2011-04-10,2
20110417,2011-04-17,3
20110508,2011-05-08,4
20110522,2011-05-22,5
20110529,2011-05-29,6
20110612,2011-06-12,7
20110626,2011-06-26,8
20110710,2011-07-10,9
20110724,2011-07-24,10
20110731,2011-07-31,11
20110828,2011-08-28,12
20110911,2011-09-11,13
20110925,2011-09-25,14
20111009,2011-10-09,15
20111016,2011-10-16,16
20111030,2011-10-30,17
20111113,2011-11-13,18
20111127,2011-11-27,19
20120318,2012-03-18,1
20120325,2012-03-25,2
20120415,2012-04-15,3
20120422,2012-04-22,4
20120513,2012-05-13,5
20120527,2012-05-27,6
20120610,2012-06-10,7
20120624,2012-06-24,8
20120708,2012-07-08,9
20120722,2012-07-22,10
20120729,2012-07-29,11
20120902,2012-09-02,12
20120909,2012-09-09,13
20120923,2012-09-23,14
20121007,2012-10-07,15
20121014,2012-10-14,16
20121028,2012-10-28,17
20121104,2012-11-04,18
20121118,2012-11-18,19
20121125,2012-11-25,20
20130317,2013-03-17,1
20130324,2013-03-24,2
20130414,2013-04-14,3
20130421,2013-04-21,4
20130512,2013-05-12,5
20130526,2013-05-26,6
20130609,2013-06-09,7
20130630,2013-06-30,8
20130707,2013-07-07,9
20130728,2013-07-28,10
20130825,2013-08-25,11
20130908,2013-09-08,12
20130922,2013-09-22,13
20131006,2013-10-06,14
20131013,2013-10-13,15
20131027,2013-10-27,16
20131103,2013-11-03,17
20131117,2013-11-17,18
20131124,2013-11-24,19
20140316,2014-03-16,1
20140330,2014-03-30,2
20140406,2014-04-06,3
20140420,2014-04-20,4
20140511,2014-05-11,5
20140525,2014-05-25,6
20140608,2014-06-08,7
20140622,2014-06-22,8
20140706,2014-07-06,9
20140720,2014-07-20,10
20140727,2014-07-27,11
20140824,2014-08-24,12
20140907,2014-09-07,13
20140921,2014-09-21,14
20141005,2014-10-05,15
20141012,2014-10-12,16
20141102,2014-11-02,17
20141109,2014-11-09,18
20141123,2014-11-23,19
20150315,2015-03-15,1
20150329,2015-03-29,2
20150412,2015-04-12,3
20150419,2015-04-19,4
20150510,2015-05-10,5
20150524,2015-05-24,6
20150607,2015-06-07,7
20150621,2015-06-21,8
20150705,2015-07-05,9
20150726,2015-07-26,10
20150823,2015-08-23,11
20150906,2015-09-06,12
20150920,2015-09-20,13
20150927,2015-09-27,14
20151011,2015-10-11,15
20151025,2015-10-25,16
20151101,2015-11-01,17
20151115,2015-11-15,18
20151129,2015-11-29,19
20160320,2016-03-20,1
20160403,2016-04-03,2
20160417,2016-04-17,3
20160501,2016-05-01,4
20160515,2016-05-15,5
20160529,2016-05-29,6
20160612,2016-06-12,7
20160619,2016-06-19,8
20160703,2016-07-03,9
20160710,2016-07-10,10
20160724,2016-07-24,11
20160731,2016-07-31,12
20160828,2016-08-28,13
20160904,2016-09-04,14
20160918,2016-09-18,15
20161002,2016-10-02,16
20161009,2016-10-09,17
20161023,2016-10-23,18
20161030,2016-10-30,19
20161113,2016-11-13,20
20161127,2016-11-27,21
20170326,2017-03-26,1
20170409,2017-04-09,2
20170416,2017-04-16,3
20170430,2017-04-30,4
20170514,2017-05-14,5
20170528,2017-05-28,6
20170611,2017-06-11,7
20170625,2017-06-25,8
20170709,2017-07-09,9
20170716,2017-07-16,10
20170730,2017-07-30,11
20170827,2017-08-27,12
20170903,2017-09-03,13
20170917,2017-09-17,14
20171001,2017-10-01,15
20171008,2017-10-08,16
20171022,2017-10-22,17
20171029,2017-10-29,18
20171112,2017-11-12,19
20171126,2017-11-26,20
20180325,2018-03-25,1
20180408,2018-04-08,2
20180415,2018-04-15,3
20180429,2018-04-29,4
20180513,2018-05-13,5
20180527,2018-05-27,6
20180610,2018-06-10,7
20180624,2018-06-24,8
20180701,2018-07-01,9
20180708,2018-07-08,10
20180722,2018-07-22,11
20180729,2018-07-29,12
20180826,2018-08-26,13
20180902,2018-09-02,14
20180916,2018-09-16,15
20180930,2018-09-30,16
20181007,2018-10-07,17
20181021,2018-10-21,18
20181028,2018-10-28,19
20181111,2018-11-11,20
20181125,2018-11-25,21
20190317,2019-03-17,1
20190331,2019-03-31,2
20190414,2019-04-14,3
20190428,2019-04-28,4
20190512,2019-05-12,5
20190526,2019-05-26,6
20190609,2019-06-09,7
20190623,2019-06-23,8
20190630,2019-06-30,9
20190714,2019-07-14,10
20190728,2019-07-28,11
20190804,2019-08-04,12
20190901,2019-09-01,13
20190908,2019-09-08,14
20190922,2019-09-22,15
20190929,2019-09-29,16
20191013,2019-10-13,17
20191027,2019-10-27,18
20191103,2019-11-03,19
20191117,2019-11-17,20
20191201,2019-12-01,21
20200705,2020-07-05,1
20200712,2020-07-12,2
20200719,2020-07-19,3
20200802,2020-08-02,4
20200809,2020-08-09,5
20200816,2020-08-16,6
20200830,2020-08-30,7
20200906,2020-09-06,8
20200913,2020-09-13,9
20200927,2020-09-27,10
20201011,2020-10-11,11
20201025,2020-10-25,12
20201101,2020-11-01,13
20201115,2020-11-15,14
20201129,2020-11-29,15
20201206,2020-12-06,16
20201213,2020-12-13,17
20210328,2021-03-28,1
20210418,2021-04-18,2
20210502,2021-05-02,3
20210509,2021-05-09,4
20210523,2021-05-23,5
20210606,2021-06-06,6
20210620,2021-06-20,7
20210627,2021-06-27,8
20210704,2021-07-04,9
20210718,2021-07-18,10
20210801,2021-08-01,11
20210829,2021-08-29,12
20210905,2021-09-05,13
20210912,2021-09-12,14
20210926,2021-09-26,15
20211010,2021-10-10,16
20211024,2021-10-24,17
20211107,2021-11-07,18
20211114,2021-11-14,19
20211121,2021-11-21,20
20211205,2021-12-05,21
20211212,2021-12-12,22
20220320,2022-03-20,1
20220327,2022-03-27,2
20220410,2022-04-10,3
20220424,2022-04-24,4
20220508,2022-05-08,5
20220522,2022-05-22,6
20220529,2022-05-29,7
20220612,2022-06-12,8
20220619,2022-06-19,9
20220703,2022-07-03,10
20220710,2022-07-10,11
20220724,2022-07-24,12
20220731,2022-07-31,13
20220828,2022-08-28,14
20220904,2022-09-04,15
20220911,2022-09-11,16
20221002,2022-10-02,17
20221009,2022-10-09,18
20221023,2022-10-23,19
20221030,2022-10-30,20
20221113,2022-11-13,21
20221120,2022-11-20,22
